baseline,full_target,porosity,permeability,tortuosity,fluid_chemistry
1.7574958571980654e+16,2171971287233569.0,1.115930401668303e+16,3994860848873849.0,2.085240239778064e+16,7552685041080076.0
