distance_from_interface_m,distance_from_interface_mm,common_arrival_time_s,common_arrival_time_us,time_after_T0_us,fluid_z_m,porous_z_m,fluid_signed,porous_signed,signed_product,polarity_reversed,fluid_abs,porous_abs
0.001,1.0,7.125938281901583e-05,71.25938281901583,4.143777297613391,-0.0009999999999999835,0.0010000000000000182,0.7095732481143784,-0.2357623232495049,-0.16729063749114323,True,0.7095732481143784,0.2357623232495049
0.002,2.0,7.125938281901583e-05,71.25938281901583,4.143777297613391,-0.0019999999999999844,0.002000000000000019,0.6550796852962381,-0.21117649823064644,-0.13833743400289344,True,0.6550796852962381,0.21117649823064644
0.005,5.0,7.125938281901583e-05,71.25938281901583,4.143777297613391,-0.004999999999999987,0.005000000000000022,0.5243130772460391,-0.1594961075481971,-0.08362589495736043,True,0.5243130772460391,0.1594961075481971
0.01,10.0,7.125938281901583e-05,71.25938281901583,4.143777297613391,-0.009999999999999992,0.010000000000000026,0.38017221031652393,-0.10948824945392177,-0.041624389798584384,True,0.38017221031652393,0.10948824945392177
