distance_from_interface_m,distance_from_interface_mm,common_arrival_time_s,common_arrival_time_us,time_after_T0_us,fluid_z_m,porous_z_m,fluid_signed,porous_signed,signed_product,polarity_reversed,fluid_abs,porous_abs
0.001,1.0,7.127278393952298e-05,71.27278393952298,4.1571784181205365,-0.0009999999999999835,0.0010000000000000182,0.6555300312543969,-0.2513849460929732,-0.16479038156921158,True,0.6555300312543969,0.2513849460929732
0.002,2.0,7.127278393952298e-05,71.27278393952298,4.1571784181205365,-0.0019999999999999844,0.002000000000000019,0.6000118888454714,-0.22540851214010005,-0.1352477871310288,True,0.6000118888454714,0.22540851214010005
0.005,5.0,7.127278393952298e-05,71.27278393952298,4.1571784181205365,-0.004999999999999987,0.005000000000000022,0.46560561828546315,-0.17391988156322624,-0.08097807398738048,True,0.46560561828546315,0.17391988156322624
0.01,10.0,7.127278393952298e-05,71.27278393952298,4.1571784181205365,-0.009999999999999992,0.010000000000000026,0.32008251467481086,-0.12400204067026664,-0.03969088500254712,True,0.32008251467481086,0.12400204067026664
