n_frequencies,n_theta,side,quantitative_excludes_interface,peak_abs,peak_signed,peak_signed_polarity,peak_time_s,peak_time_us,peak_z_m,peak_z_mm,peak_abs_relative_change_from_previous,peak_time_shift_from_previous_us,peak_polarity_changed_from_previous
48,48,R_E,True,0.6609759553576773,0.6609759553576773,1.0,0.00014652210175145953,146.52210175145953,-0.0009999999999999835,-0.9999999999999836,,,False
96,96,R_E,True,0.7125901532656226,0.7125901532656226,1.0,0.0001473227689741451,147.3227689741451,-0.0009999999999999835,-0.9999999999999836,0.07808786006446339,0.8006672226855756,False
192,192,R_E,True,0.727019752990299,0.727019752990299,1.0,7.13928273561301e-05,71.3928273561301,-0.0009999999999999835,-0.9999999999999836,0.020249507600616064,-75.92994161801501,False
48,48,T_E,True,0.2529472208260244,-0.2529472208260244,-1.0,3.3628023352793986e-05,33.62802335279399,0.0010000000000000182,1.0000000000000182,,,False
96,96,T_E,True,0.2504661617934795,-0.2504661617934795,-1.0,7.125938281901583e-05,71.25938281901583,0.0010000000000000182,1.0000000000000182,-0.009808603646415713,37.63135946622184,False
192,192,T_E,True,0.24629241218115877,-0.24629241218115877,-1.0,7.125938281901583e-05,71.25938281901583,0.0010000000000000182,1.0000000000000182,-0.016663926106562036,0.0,False
48,48,all,True,0.6609759553576773,0.6609759553576773,1.0,0.00014652210175145953,146.52210175145953,-0.0009999999999999835,-0.9999999999999836,,,False
96,96,all,True,0.7125901532656226,0.7125901532656226,1.0,0.0001473227689741451,147.3227689741451,-0.0009999999999999835,-0.9999999999999836,0.07808786006446339,0.8006672226855756,False
192,192,all,True,0.727019752990299,0.727019752990299,1.0,7.13928273561301e-05,71.3928273561301,-0.0009999999999999835,-0.9999999999999836,0.020249507600616064,-75.92994161801501,False
