omega_rad_s,theta_deg,RE_EE,TE_TM_TM,minus_TE_TM_TM,RE_Pr_Pr
1000000.0,30.0,1.3503053272182627e-07,-5.087437069174119e-07,5.087437069174119e-07,-0.328773636749992
1000000.0,45.0,5.430996069358478e-07,-1.657951977375607e-06,1.657951977375607e-06,-0.056982094195186433
